|||Sütunlar|
Satırlar|||Tüketici Madde Fiyatları (2003=100)|
|||İzmir-TR31|
||||
2005|01-Ocak|0441001. (Su Faturası)|2.1807|
||0451001. (Elektrik Ücreti)|0.16|
||0452101. (Doğal Gaz)|0.0|
||0722001. (Benzin)|2.3294|
||0830009. (İnternet Ücreti)|13.6864|
|02-Şubat|0441001. (Su Faturası)|2.1807|
||0451001. (Elektrik Ücreti)|0.16|
||0452101. (Doğal Gaz)|0.0|
||0722001. (Benzin)|2.352|
||0830009. (İnternet Ücreti)|13.6917|
|03-Mart|0441001. (Su Faturası)|2.1807|
||0451001. (Elektrik Ücreti)|0.16|
||0452101. (Doğal Gaz)|0.0|
||0722001. (Benzin)|2.4124|
||0830009. (İnternet Ücreti)|13.6917|
|04-Nisan|0441001. (Su Faturası)|2.0857|
||0451001. (Elektrik Ücreti)|0.16|
||0452101. (Doğal Gaz)|0.0|
||0722001. (Benzin)|2.5359|
||0830009. (İnternet Ücreti)|13.9496|
|05-Mayıs|0441001. (Su Faturası)|2.0857|
||0451001. (Elektrik Ücreti)|0.16|
||0452101. (Doğal Gaz)|0.0|
||0722001. (Benzin)|2.4933|
||0830009. (İnternet Ücreti)|14.2074|
|06-Haziran|0441001. (Su Faturası)|2.0857|
||0451001. (Elektrik Ücreti)|0.16|
||0452101. (Doğal Gaz)|0.0|
||0722001. (Benzin)|2.5201|
||0830009. (İnternet Ücreti)|14.7099|
|07-Temmuz|0441001. (Su Faturası)|2.0857|
||0451001. (Elektrik Ücreti)|0.16|
||0452101. (Doğal Gaz)|0.0|
||0722001. (Benzin)|2.5626|
||0830009. (İnternet Ücreti)|14.3048|
|08-Ağustos|0441001. (Su Faturası)|2.0857|
||0451001. (Elektrik Ücreti)|0.16|
||0452101. (Doğal Gaz)|0.0|
||0722001. (Benzin)|2.6129|
||0830009. (İnternet Ücreti)|14.2357|
|09-Eylül|0441001. (Su Faturası)|2.1442|
||0451001. (Elektrik Ücreti)|0.16|
||0452101. (Doğal Gaz)|0.0|
||0722001. (Benzin)|2.6906|
||0830009. (İnternet Ücreti)|13.5793|
|10-Ekim|0441001. (Su Faturası)|2.1447|
||0451001. (Elektrik Ücreti)|0.16|
||0452101. (Doğal Gaz)|0.0|
||0722001. (Benzin)|2.6573|
||0830009. (İnternet Ücreti)|13.0636|
|11-Kasım|0441001. (Su Faturası)|2.1447|
||0451001. (Elektrik Ücreti)|0.16|
||0452101. (Doğal Gaz)|0.0|
||0722001. (Benzin)|2.5475|
||0830009. (İnternet Ücreti)|13.0636|
|12-Aralık|0441001. (Su Faturası)|2.1447|
||0451001. (Elektrik Ücreti)|0.16|
||0452101. (Doğal Gaz)|0.0|
||0722001. (Benzin)|2.5445|
||0830009. (İnternet Ücreti)|11.3426|
2006|01-Ocak|0441001. (Su Faturası)|1.76|
||0451001. (Elektrik Ücreti)|0.16|
||0452101. (Doğal Gaz)|0.0|
||0722001. (Benzin)|2.61|
||0830009. (İnternet Ücreti)|76.43|
|02-Şubat|0441001. (Su Faturası)|1.8649|
||0451001. (Elektrik Ücreti)|0.16|
||0452101. (Doğal Gaz)|0.0|
||0722001. (Benzin)|2.5835|
||0830009. (İnternet Ücreti)|76.4334|
|03-Mart|0441001. (Su Faturası)|1.8649|
||0451001. (Elektrik Ücreti)|0.16|
||0452101. (Doğal Gaz)|0.0|
||0722001. (Benzin)|2.6141|
||0830009. (İnternet Ücreti)|77.4654|
|04-Nisan|0441001. (Su Faturası)|1.8649|
||0451001. (Elektrik Ücreti)|0.16|
||0452101. (Doğal Gaz)|0.0|
||0722001. (Benzin)|2.7416|
||0830009. (İnternet Ücreti)|77.4654|
|05-Mayıs|0441001. (Su Faturası)|1.8649|
||0451001. (Elektrik Ücreti)|0.16|
||0452101. (Doğal Gaz)|0.0|
||0722001. (Benzin)|2.8162|
||0830009. (İnternet Ücreti)|77.4654|
|06-Haziran|0441001. (Su Faturası)|1.8649|
||0451001. (Elektrik Ücreti)|0.16|
||0452101. (Doğal Gaz)|0.0|
||0722001. (Benzin)|2.9791|
||0830009. (İnternet Ücreti)|78.2324|
|07-Temmuz|0441001. (Su Faturası)|1.8649|
||0451001. (Elektrik Ücreti)|0.16|
||0452101. (Doğal Gaz)|0.0|
||0722001. (Benzin)|3.0808|
||0830009. (İnternet Ücreti)|78.2324|
|08-Ağustos|0441001. (Su Faturası)|1.8649|
||0451001. (Elektrik Ücreti)|0.16|
||0452101. (Doğal Gaz)|0.0|
||0722001. (Benzin)|2.9834|
||0830009. (İnternet Ücreti)|78.2324|
|09-Eylül|0441001. (Su Faturası)|1.8649|
||0451001. (Elektrik Ücreti)|0.16|
||0452101. (Doğal Gaz)|0.0|
||0722001. (Benzin)|2.7641|
||0830009. (İnternet Ücreti)|70.7688|
|10-Ekim|0441001. (Su Faturası)|1.8649|
||0451001. (Elektrik Ücreti)|0.16|
||0452101. (Doğal Gaz)|0.0|
||0722001. (Benzin)|2.7158|
||0830009. (İnternet Ücreti)|70.7688|
|11-Kasım|0441001. (Su Faturası)|1.8649|
||0451001. (Elektrik Ücreti)|0.16|
||0452101. (Doğal Gaz)|0.0|
||0722001. (Benzin)|2.7108|
||0830009. (İnternet Ücreti)|70.7688|
|12-Aralık|0441001. (Su Faturası)|1.8649|
||0451001. (Elektrik Ücreti)|0.16|
||0452101. (Doğal Gaz)|0.0|
||0722001. (Benzin)|2.74|
||0830009. (İnternet Ücreti)|70.7688|
2007|01-Ocak|0441001. (Su Faturası)|1.8649|
||0451001. (Elektrik Ücreti)|0.16|
||0452101. (Doğal Gaz)|0.0|
||0722001. (Benzin)|2.6558|
||0830009. (İnternet Ücreti)|78.1663|
|02-Şubat|0441001. (Su Faturası)|1.8649|
||0451001. (Elektrik Ücreti)|0.16|
||0452101. (Doğal Gaz)|0.0|
||0722001. (Benzin)|2.6956|
||0830009. (İnternet Ücreti)|78.1663|
|03-Mart|0441001. (Su Faturası)|1.8649|
||0451001. (Elektrik Ücreti)|0.16|
||0452101. (Doğal Gaz)|0.0|
||0722001. (Benzin)|2.8263|
||0830009. (İnternet Ücreti)|78.1663|
|04-Nisan|0441001. (Su Faturası)|1.8649|
||0451001. (Elektrik Ücreti)|0.16|
||0452101. (Doğal Gaz)|0.0|
||0722001. (Benzin)|2.8954|
||0830009. (İnternet Ücreti)|69.529|
|05-Mayıs|0441001. (Su Faturası)|1.9176|
||0451001. (Elektrik Ücreti)|0.16|
||0452101. (Doğal Gaz)|0.0|
||0722001. (Benzin)|2.9817|
||0830009. (İnternet Ücreti)|69.529|
|06-Haziran|0441001. (Su Faturası)|1.9176|
||0451001. (Elektrik Ücreti)|0.16|
||0452101. (Doğal Gaz)|0.0|
||0722001. (Benzin)|2.9517|
||0830009. (İnternet Ücreti)|69.529|
|07-Temmuz|0441001. (Su Faturası)|1.9176|
||0451001. (Elektrik Ücreti)|0.16|
||0452101. (Doğal Gaz)|0.0|
||0722001. (Benzin)|2.8939|
||0830009. (İnternet Ücreti)|69.529|
|08-Ağustos|0441001. (Su Faturası)|1.9176|
||0451001. (Elektrik Ücreti)|0.16|
||0452101. (Doğal Gaz)|0.0|
||0722001. (Benzin)|2.8606|
||0830009. (İnternet Ücreti)|60.8918|
|09-Eylül|0441001. (Su Faturası)|1.9176|
||0451001. (Elektrik Ücreti)|0.16|
||0452101. (Doğal Gaz)|0.0|
||0722001. (Benzin)|2.8539|
||0830009. (İnternet Ücreti)|60.8918|
|10-Ekim|0441001. (Su Faturası)|1.9176|
||0451001. (Elektrik Ücreti)|0.16|
||0452101. (Doğal Gaz)|0.0|
||0722001. (Benzin)|2.8267|
||0830009. (İnternet Ücreti)|60.8918|
|11-Kasım|0441001. (Su Faturası)|1.9176|
||0451001. (Elektrik Ücreti)|0.16|
||0452101. (Doğal Gaz)|0.0|
||0722001. (Benzin)|3.0808|
||0830009. (İnternet Ücreti)|60.8918|
|12-Aralık|0441001. (Su Faturası)|1.9176|
||0451001. (Elektrik Ücreti)|0.16|
||0452101. (Doğal Gaz)|0.0|
||0722001. (Benzin)|3.0408|
||0830009. (İnternet Ücreti)|60.8918|
2008|01-Ocak|0441001. (Su Faturası)|1.852|
||0451001. (Elektrik Ücreti)|0.19|
||0452101. (Doğal Gaz)|0.0|
||0722001. (Benzin)|3.0767|
||0830009. (İnternet Ücreti)|60.6188|
|02-Şubat|0441001. (Su Faturası)|1.852|
||0451001. (Elektrik Ücreti)|0.19|
||0452101. (Doğal Gaz)|0.0|
||0722001. (Benzin)|3.1016|
||0830009. (İnternet Ücreti)|60.6188|
|03-Mart|0441001. (Su Faturası)|1.852|
||0451001. (Elektrik Ücreti)|0.19|
||0452101. (Doğal Gaz)|0.0|
||0722001. (Benzin)|3.1941|
||0830009. (İnternet Ücreti)|60.6188|
|04-Nisan|0441001. (Su Faturası)|1.852|
||0451001. (Elektrik Ücreti)|0.19|
||0452101. (Doğal Gaz)|0.0|
||0722001. (Benzin)|3.3379|
||0830009. (İnternet Ücreti)|60.6188|
|05-Mayıs|0441001. (Su Faturası)|1.852|
||0451001. (Elektrik Ücreti)|0.19|
||0452101. (Doğal Gaz)|0.0|
||0722001. (Benzin)|3.4141|
||0830009. (İnternet Ücreti)|60.6188|
|06-Haziran|0441001. (Su Faturası)|1.852|
||0451001. (Elektrik Ücreti)|0.19|
||0452101. (Doğal Gaz)|0.0|
||0722001. (Benzin)|3.5092|
||0830009. (İnternet Ücreti)|60.6188|
|07-Temmuz|0441001. (Su Faturası)|1.852|
||0451001. (Elektrik Ücreti)|0.2287|
||0452101. (Doğal Gaz)|0.0|
||0722001. (Benzin)|3.4841|
||0830009. (İnternet Ücreti)|60.6188|
|08-Ağustos|0441001. (Su Faturası)|2.0809|
||0451001. (Elektrik Ücreti)|0.2261|
||0452101. (Doğal Gaz)|0.0|
||0722001. (Benzin)|3.2891|
||0830009. (İnternet Ücreti)|60.6188|
|09-Eylül|0441001. (Su Faturası)|0.6992|
||0451001. (Elektrik Ücreti)|0.2261|
||0452101. (Doğal Gaz)|0.0|
||0722001. (Benzin)|3.2517|
||0830009. (İnternet Ücreti)|60.6188|
|10-Ekim|0441001. (Su Faturası)|0.6992|
||0451001. (Elektrik Ücreti)|0.2469|
||0452101. (Doğal Gaz)|0.0|
||0722001. (Benzin)|3.1282|
||0830009. (İnternet Ücreti)|60.6188|
|11-Kasım|0441001. (Su Faturası)|0.6992|
||0451001. (Elektrik Ücreti)|0.2469|
||0452101. (Doğal Gaz)|0.0|
||0722001. (Benzin)|2.9611|
||0830009. (İnternet Ücreti)|60.6188|
|12-Aralık|0441001. (Su Faturası)|0.6992|
||0451001. (Elektrik Ücreti)|0.2469|
||0452101. (Doğal Gaz)|0.0|
||0722001. (Benzin)|2.7642|
||0830009. (İnternet Ücreti)|60.6188|
2009|01-Ocak|0441001. (Su Faturası)|2.0809|
||0451001. (Elektrik Ücreti)|0.2493|
||0452101. (Doğal Gaz)|0.9886|
||0722001. (Benzin)|2.8115|
||0830009. (İnternet Ücreti)|33.2507|
|02-Şubat|0441001. (Su Faturası)|2.0809|
||0451001. (Elektrik Ücreti)|0.2493|
||0452101. (Doğal Gaz)|0.8255|
||0722001. (Benzin)|2.8666|
||0830009. (İnternet Ücreti)|33.2507|
|03-Mart|0441001. (Su Faturası)|2.0809|
||0451001. (Elektrik Ücreti)|0.2493|
||0452101. (Doğal Gaz)|0.8257|
||0722001. (Benzin)|2.9417|
||0830009. (İnternet Ücreti)|30.7425|
|04-Nisan|0441001. (Su Faturası)|2.0809|
||0451001. (Elektrik Ücreti)|0.2453|
||0452101. (Doğal Gaz)|0.8258|
||0722001. (Benzin)|2.9817|
||0830009. (İnternet Ücreti)|30.7425|
|05-Mayıs|0441001. (Su Faturası)|2.0809|
||0451001. (Elektrik Ücreti)|0.2453|
||0452101. (Doğal Gaz)|0.6266|
||0722001. (Benzin)|3.0765|
||0830009. (İnternet Ücreti)|30.7425|
|06-Haziran|0441001. (Su Faturası)|2.4283|
||0451001. (Elektrik Ücreti)|0.2453|
||0452101. (Doğal Gaz)|0.6266|
||0722001. (Benzin)|3.1669|
||0830009. (İnternet Ücreti)|30.7425|
|07-Temmuz|0441001. (Su Faturası)|2.4283|
||0451001. (Elektrik Ücreti)|0.2453|
||0452101. (Doğal Gaz)|0.6265|
||0722001. (Benzin)|3.1466|
||0830009. (İnternet Ücreti)|30.7425|
|08-Ağustos|0441001. (Su Faturası)|2.4283|
||0451001. (Elektrik Ücreti)|0.2453|
||0452101. (Doğal Gaz)|0.6265|
||0722001. (Benzin)|3.2993|
||0830009. (İnternet Ücreti)|30.7425|
|09-Eylül|0441001. (Su Faturası)|2.4283|
||0451001. (Elektrik Ücreti)|0.2453|
||0452101. (Doğal Gaz)|0.6264|
||0722001. (Benzin)|3.2387|
||0830009. (İnternet Ücreti)|30.7425|
|10-Ekim|0441001. (Su Faturası)|2.4283|
||0451001. (Elektrik Ücreti)|0.2693|
||0452101. (Doğal Gaz)|0.6264|
||0722001. (Benzin)|3.2835|
||0830009. (İnternet Ücreti)|30.7425|
|11-Kasım|0441001. (Su Faturası)|2.4283|
||0451001. (Elektrik Ücreti)|0.2693|
||0452101. (Doğal Gaz)|0.6264|
||0722001. (Benzin)|3.3408|
||0830009. (İnternet Ücreti)|30.7425|
|12-Aralık|0441001. (Su Faturası)|2.4283|
||0451001. (Elektrik Ücreti)|0.2693|
||0452101. (Doğal Gaz)|0.6264|
||0722001. (Benzin)|3.3697|
||0830009. (İnternet Ücreti)|30.7425|
2010|01-Ocak|0441001. (Su Faturası)|2.4698|
||0451001. (Elektrik Ücreti)|0.2724|
||0452101. (Doğal Gaz)|0.6002|
||0722001. (Benzin)|3.6467|
||0830009. (İnternet Ücreti)|58.1783|
|02-Şubat|0441001. (Su Faturası)|2.4698|
||0451001. (Elektrik Ücreti)|0.2724|
||0452101. (Doğal Gaz)|0.6002|
||0722001. (Benzin)|3.6451|
||0830009. (İnternet Ücreti)|58.1783|
|03-Mart|0441001. (Su Faturası)|2.4698|
||0451001. (Elektrik Ücreti)|0.2724|
||0452101. (Doğal Gaz)|0.6002|
||0722001. (Benzin)|3.7387|
||0830009. (İnternet Ücreti)|58.1783|
|04-Nisan|0441001. (Su Faturası)|2.4698|
||0451001. (Elektrik Ücreti)|0.2724|
||0452101. (Doğal Gaz)|0.6003|
||0722001. (Benzin)|3.7583|
||0830009. (İnternet Ücreti)|58.1783|
|05-Mayıs|0441001. (Su Faturası)|2.7739|
||0451001. (Elektrik Ücreti)|0.2724|
||0452101. (Doğal Gaz)|0.6003|
||0722001. (Benzin)|3.7007|
||0830009. (İnternet Ücreti)|58.1783|
|06-Haziran|0441001. (Su Faturası)|2.9346|
||0451001. (Elektrik Ücreti)|0.2724|
||0452101. (Doğal Gaz)|0.6003|
||0722001. (Benzin)|3.6619|
||0830009. (İnternet Ücreti)|58.1783|
|07-Temmuz|0441001. (Su Faturası)|2.9346|
||0451001. (Elektrik Ücreti)|0.2724|
||0452101. (Doğal Gaz)|0.6003|
||0722001. (Benzin)|3.6617|
||0830009. (İnternet Ücreti)|58.1783|
|08-Ağustos|0441001. (Su Faturası)|2.9346|
||0451001. (Elektrik Ücreti)|0.2724|
||0452101. (Doğal Gaz)|0.6003|
||0722001. (Benzin)|3.6342|
||0830009. (İnternet Ücreti)|58.1783|
|09-Eylül|0441001. (Su Faturası)|2.9346|
||0451001. (Elektrik Ücreti)|0.2724|
||0452101. (Doğal Gaz)|0.6003|
||0722001. (Benzin)|3.6529|
||0830009. (İnternet Ücreti)|58.1783|
|10-Ekim|0441001. (Su Faturası)|2.9346|
||0451001. (Elektrik Ücreti)|0.2724|
||0452101. (Doğal Gaz)|0.6003|
||0722001. (Benzin)|3.6806|
||0830009. (İnternet Ücreti)|58.1783|
|11-Kasım|0441001. (Su Faturası)|2.9346|
||0451001. (Elektrik Ücreti)|0.2724|
||0452101. (Doğal Gaz)|0.6031|
||0722001. (Benzin)|3.6925|
||0830009. (İnternet Ücreti)|58.1783|
|12-Aralık|0441001. (Su Faturası)|3.1825|
||0451001. (Elektrik Ücreti)|0.2724|
||0452101. (Doğal Gaz)|0.6031|
||0722001. (Benzin)|3.829|
||0830009. (İnternet Ücreti)|58.1783|
2011|01-Ocak|0441001. (Su Faturası)|3.4605|
||0451001. (Elektrik Ücreti)|0.2718|
||0452101. (Doğal Gaz)|0.6264|
||0722001. (Benzin)|3.9281|
||0830009. (İnternet Ücreti)|36.2553|
|02-Şubat|0441001. (Su Faturası)|3.4605|
||0451001. (Elektrik Ücreti)|0.2718|
||0452101. (Doğal Gaz)|0.6265|
||0722001. (Benzin)|3.9618|
||0830009. (İnternet Ücreti)|36.2553|
|03-Mart|0441001. (Su Faturası)|3.4605|
||0451001. (Elektrik Ücreti)|0.2718|
||0452101. (Doğal Gaz)|0.6266|
||0722001. (Benzin)|4.0689|
||0830009. (İnternet Ücreti)|36.2553|
|04-Nisan|0441001. (Su Faturası)|3.4605|
||0451001. (Elektrik Ücreti)|0.27|
||0452101. (Doğal Gaz)|0.6266|
||0722001. (Benzin)|4.1567|
||0830009. (İnternet Ücreti)|36.2553|
|05-Mayıs|0441001. (Su Faturası)|3.4605|
||0451001. (Elektrik Ücreti)|0.27|
||0452101. (Doğal Gaz)|0.6265|
||0722001. (Benzin)|4.2038|
||0830009. (İnternet Ücreti)|36.2553|
|06-Haziran|0441001. (Su Faturası)|3.4605|
||0451001. (Elektrik Ücreti)|0.27|
||0452101. (Doğal Gaz)|0.6265|
||0722001. (Benzin)|4.1716|
||0830009. (İnternet Ücreti)|36.2553|
|07-Temmuz|0441001. (Su Faturası)|3.4605|
||0451001. (Elektrik Ücreti)|0.2699|
||0452101. (Doğal Gaz)|0.6266|
||0722001. (Benzin)|4.2527|
||0830009. (İnternet Ücreti)|36.2553|
|08-Ağustos|0441001. (Su Faturası)|3.4605|
||0451001. (Elektrik Ücreti)|0.2699|
||0452101. (Doğal Gaz)|0.6266|
||0722001. (Benzin)|4.32|
||0830009. (İnternet Ücreti)|36.2553|
|09-Eylül|0441001. (Su Faturası)|3.4605|
||0451001. (Elektrik Ücreti)|0.2699|
||0452101. (Doğal Gaz)|0.6267|
||0722001. (Benzin)|4.3613|
||0830009. (İnternet Ücreti)|36.2553|
|10-Ekim|0441001. (Su Faturası)|3.4605|
||0451001. (Elektrik Ücreti)|0.2958|
||0452101. (Doğal Gaz)|0.7164|
||0722001. (Benzin)|4.311|
||0830009. (İnternet Ücreti)|36.2553|
|11-Kasım|0441001. (Su Faturası)|3.4605|
||0451001. (Elektrik Ücreti)|0.2958|
||0452101. (Doğal Gaz)|0.7165|
||0722001. (Benzin)|4.2325|
||0830009. (İnternet Ücreti)|36.2553|
|12-Aralık|0441001. (Su Faturası)|3.4605|
||0451001. (Elektrik Ücreti)|0.2958|
||0452101. (Doğal Gaz)|0.7164|
||0722001. (Benzin)|4.2391|
||0830009. (İnternet Ücreti)|36.2553|
2012|01-Ocak|0441001. (Su Faturası)|3.9622|
||0451001. (Elektrik Ücreti)|0.2976|
||0452101. (Doğal Gaz)|0.7165|
||0722001. (Benzin)|4.3561|
||0830009. (İnternet Ücreti)|50.9075|
|02-Şubat|0441001. (Su Faturası)|3.9622|
||0451001. (Elektrik Ücreti)|0.2976|
||0452101. (Doğal Gaz)|0.7166|
||0722001. (Benzin)|4.3889|
||0830009. (İnternet Ücreti)|50.9075|
|03-Mart|0441001. (Su Faturası)|3.9622|
||0451001. (Elektrik Ücreti)|0.2976|
||0452101. (Doğal Gaz)|0.7164|
||0722001. (Benzin)|4.5605|
||0830009. (İnternet Ücreti)|50.9075|
|04-Nisan|0441001. (Su Faturası)|3.9622|
||0451001. (Elektrik Ücreti)|0.3252|
||0452101. (Doğal Gaz)|0.8537|
||0722001. (Benzin)|4.6759|
||0830009. (İnternet Ücreti)|51.2278|
|05-Mayıs|0441001. (Su Faturası)|3.9622|
||0451001. (Elektrik Ücreti)|0.3252|
||0452101. (Doğal Gaz)|0.8538|
||0722001. (Benzin)|4.3486|
||0830009. (İnternet Ücreti)|51.2278|
|06-Haziran|0441001. (Su Faturası)|4.7732|
||0451001. (Elektrik Ücreti)|0.3252|
||0452101. (Doğal Gaz)|0.8537|
||0722001. (Benzin)|4.232|
||0830009. (İnternet Ücreti)|51.2278|
|07-Temmuz|0441001. (Su Faturası)|3.1159|
||0451001. (Elektrik Ücreti)|0.3252|
||0452101. (Doğal Gaz)|0.8538|
||0722001. (Benzin)|4.3038|
||0830009. (İnternet Ücreti)|51.2278|
|08-Ağustos|0441001. (Su Faturası)|3.1159|
||0451001. (Elektrik Ücreti)|0.3252|
||0452101. (Doğal Gaz)|0.8538|
||0722001. (Benzin)|4.4802|
||0830009. (İnternet Ücreti)|51.2278|
|09-Eylül|0441001. (Su Faturası)|3.1159|
||0451001. (Elektrik Ücreti)|0.3252|
||0452101. (Doğal Gaz)|0.8538|
||0722001. (Benzin)|4.5938|
||0830009. (İnternet Ücreti)|51.2278|
|10-Ekim|0441001. (Su Faturası)|3.1159|
||0451001. (Elektrik Ücreti)|0.357|
||0452101. (Doğal Gaz)|0.9484|
||0722001. (Benzin)|4.799|
||0830009. (İnternet Ücreti)|51.2278|
|11-Kasım|0441001. (Su Faturası)|3.1159|
||0451001. (Elektrik Ücreti)|0.357|
||0452101. (Doğal Gaz)|0.9484|
||0722001. (Benzin)|4.6|
||0830009. (İnternet Ücreti)|51.2278|
|12-Aralık|0441001. (Su Faturası)|3.1159|
||0451001. (Elektrik Ücreti)|0.357|
||0452101. (Doğal Gaz)|0.9483|
||0722001. (Benzin)|4.6161|
||0830009. (İnternet Ücreti)|54.444|
2013|01-Ocak|0441001. (Su Faturası)|3.2951|
||0451001. (Elektrik Ücreti)|0.357|
||0452101. (Doğal Gaz)|0.9523|
||0722001. (Benzin)|4.69|
||0830009. (İnternet Ücreti)|58.5834|
|02-Şubat|0441001. (Su Faturası)|3.2951|
||0451001. (Elektrik Ücreti)|0.357|
||0452101. (Doğal Gaz)|0.9523|
||0722001. (Benzin)|4.8523|
||0830009. (İnternet Ücreti)|58.5834|
|03-Mart|0441001. (Su Faturası)|3.2951|
||0451001. (Elektrik Ücreti)|0.357|
||0452101. (Doğal Gaz)|0.9483|
||0722001. (Benzin)|4.7688|
||0830009. (İnternet Ücreti)|58.5834|
|04-Nisan|0441001. (Su Faturası)|3.2951|
||0451001. (Elektrik Ücreti)|0.3587|
||0452101. (Doğal Gaz)|0.9484|
||0722001. (Benzin)|4.6395|
||0830009. (İnternet Ücreti)|58.5834|
|05-Mayıs|0441001. (Su Faturası)|3.2951|
||0451001. (Elektrik Ücreti)|0.3587|
||0452101. (Doğal Gaz)|0.9484|
||0722001. (Benzin)|4.6358|
||0830009. (İnternet Ücreti)|58.5834|
|06-Haziran|0441001. (Su Faturası)|3.4149|
||0451001. (Elektrik Ücreti)|0.3587|
||0452101. (Doğal Gaz)|0.9484|
||0722001. (Benzin)|4.7315|
||0830009. (İnternet Ücreti)|58.5834|
|07-Temmuz|0441001. (Su Faturası)|3.4149|
||0451001. (Elektrik Ücreti)|0.3585|
||0452101. (Doğal Gaz)|0.9484|
||0722001. (Benzin)|4.855|
||0830009. (İnternet Ücreti)|58.5834|
|08-Ağustos|0441001. (Su Faturası)|3.4149|
||0451001. (Elektrik Ücreti)|0.3585|
||0452101. (Doğal Gaz)|0.9486|
||0722001. (Benzin)|4.8741|
||0830009. (İnternet Ücreti)|58.5834|
|09-Eylül|0441001. (Su Faturası)|3.4149|
||0451001. (Elektrik Ücreti)|0.3585|
||0452101. (Doğal Gaz)|0.9486|
||0722001. (Benzin)|4.8913|
||0830009. (İnternet Ücreti)|58.5834|
|10-Ekim|0441001. (Su Faturası)|3.4149|
||0451001. (Elektrik Ücreti)|0.3585|
||0452101. (Doğal Gaz)|0.9487|
||0722001. (Benzin)|4.809|
||0830009. (İnternet Ücreti)|58.5834|
|11-Kasım|0441001. (Su Faturası)|3.4149|
||0451001. (Elektrik Ücreti)|0.3585|
||0452101. (Doğal Gaz)|0.9487|
||0722001. (Benzin)|4.8043|
||0830009. (İnternet Ücreti)|58.5834|
|12-Aralık|0441001. (Su Faturası)|3.4149|
||0451001. (Elektrik Ücreti)|0.3585|
||0452101. (Doğal Gaz)|0.9487|
||0722001. (Benzin)|4.8787|
||0830009. (İnternet Ücreti)|58.5834|
2014|01-Ocak|0441001. (Su Faturası)|3.4663|
||0451001. (Elektrik Ücreti)|0.3577|
||0452101. (Doğal Gaz)|0.9487|
||0722001. (Benzin)|4.9904|
||0830009. (İnternet Ücreti)|68.7486|
|02-Şubat|0441001. (Su Faturası)|3.4663|
||0451001. (Elektrik Ücreti)|0.3577|
||0452101. (Doğal Gaz)|0.9489|
||0722001. (Benzin)|5.0933|
||0830009. (İnternet Ücreti)|68.7486|
|03-Mart|0441001. (Su Faturası)|3.4663|
||0451001. (Elektrik Ücreti)|0.3577|
||0452101. (Doğal Gaz)|0.949|
||0722001. (Benzin)|5.0893|
||0830009. (İnternet Ücreti)|68.7486|
|04-Nisan|0441001. (Su Faturası)|3.4663|
||0451001. (Elektrik Ücreti)|0.3588|
||0452101. (Doğal Gaz)|0.949|
||0722001. (Benzin)|5.0375|
||0830009. (İnternet Ücreti)|68.7486|
|05-Mayıs|0441001. (Su Faturası)|3.6096|
||0451001. (Elektrik Ücreti)|0.3588|
||0452101. (Doğal Gaz)|0.9489|
||0722001. (Benzin)|4.9876|
||0830009. (İnternet Ücreti)|68.7486|
|06-Haziran|0441001. (Su Faturası)|3.6096|
||0451001. (Elektrik Ücreti)|0.3588|
||0452101. (Doğal Gaz)|0.9488|
||0722001. (Benzin)|5.0691|
||0830009. (İnternet Ücreti)|68.7486|
|07-Temmuz|0441001. (Su Faturası)|3.9444|
||0451001. (Elektrik Ücreti)|0.3589|
||0452101. (Doğal Gaz)|0.9488|
||0722001. (Benzin)|5.0861|
||0830009. (İnternet Ücreti)|68.7486|
|08-Ağustos|0441001. (Su Faturası)|3.9444|
||0451001. (Elektrik Ücreti)|0.3589|
||0452101. (Doğal Gaz)|0.9489|
||0722001. (Benzin)|4.9914|
||0830009. (İnternet Ücreti)|68.7486|
|09-Eylül|0441001. (Su Faturası)|3.9444|
||0451001. (Elektrik Ücreti)|0.3589|
||0452101. (Doğal Gaz)|0.9489|
||0722001. (Benzin)|4.9479|
||0830009. (İnternet Ücreti)|68.7486|
|10-Ekim|0441001. (Su Faturası)|3.9444|
||0451001. (Elektrik Ücreti)|0.3913|
||0452101. (Doğal Gaz)|1.1087|
||0722001. (Benzin)|4.8236|
||0830009. (İnternet Ücreti)|68.7486|
|11-Kasım|0441001. (Su Faturası)|3.9444|
||0451001. (Elektrik Ücreti)|0.3913|
||0452101. (Doğal Gaz)|1.1094|
||0722001. (Benzin)|4.6722|
||0830009. (İnternet Ücreti)|68.7486|
|12-Aralık|0441001. (Su Faturası)|3.9444|
||0451001. (Elektrik Ücreti)|0.3913|
||0452101. (Doğal Gaz)|1.1097|
||0722001. (Benzin)|4.3482|
||0830009. (İnternet Ücreti)|68.7486|
2015|01-Ocak|0441001. (Su Faturası)|3.9644|
||0451001. (Elektrik Ücreti)|0.3907|
||0452101. (Doğal Gaz)|1.1094|
||0722001. (Benzin)|4.1575|
||0830009. (İnternet Ücreti)|75.0485|
|02-Şubat|0441001. (Su Faturası)|3.9644|
||0451001. (Elektrik Ücreti)|0.3907|
||0452101. (Doğal Gaz)|1.1087|
||0722001. (Benzin)|4.3537|
||0830009. (İnternet Ücreti)|75.0485|
|03-Mart|0441001. (Su Faturası)|3.9644|
||0451001. (Elektrik Ücreti)|0.3907|
||0452101. (Doğal Gaz)|1.109|
||0722001. (Benzin)|4.4353|
||0830009. (İnternet Ücreti)|75.0485|
|04-Nisan|0441001. (Su Faturası)|3.9644|
||0451001. (Elektrik Ücreti)|0.3904|
||0452101. (Doğal Gaz)|1.11|
||0722001. (Benzin)|4.5193|
||0830009. (İnternet Ücreti)|75.0485|
|05-Mayıs|0441001. (Su Faturası)|3.9644|
||0451001. (Elektrik Ücreti)|0.3904|
||0452101. (Doğal Gaz)|1.1108|
||0722001. (Benzin)|4.713|
||0830009. (İnternet Ücreti)|75.0485|
|06-Haziran|0441001. (Su Faturası)|3.9644|
||0451001. (Elektrik Ücreti)|0.3904|
||0452101. (Doğal Gaz)|1.112|
||0722001. (Benzin)|4.7994|
||0830009. (İnternet Ücreti)|75.0485|
|07-Temmuz|0441001. (Su Faturası)|3.9644|
||0451001. (Elektrik Ücreti)|0.3906|
||0452101. (Doğal Gaz)|1.1129|
||0722001. (Benzin)|4.7371|
||0830009. (İnternet Ücreti)|75.0485|
|08-Ağustos|0441001. (Su Faturası)|3.9644|
||0451001. (Elektrik Ücreti)|0.3906|
||0452101. (Doğal Gaz)|1.1131|
||0722001. (Benzin)|4.5564|
||0830009. (İnternet Ücreti)|75.0485|
|09-Eylül|0441001. (Su Faturası)|3.9644|
||0451001. (Elektrik Ücreti)|0.3906|
||0452101. (Doğal Gaz)|1.1129|
||0722001. (Benzin)|4.5247|
||0830009. (İnternet Ücreti)|75.0485|
|10-Ekim|0441001. (Su Faturası)|3.9644|
||0451001. (Elektrik Ücreti)|0.3903|
||0452101. (Doğal Gaz)|1.1137|
||0722001. (Benzin)|4.4511|
||0830009. (İnternet Ücreti)|75.4412|
|11-Kasım|0441001. (Su Faturası)|3.9644|
||0451001. (Elektrik Ücreti)|0.3903|
||0452101. (Doğal Gaz)|1.115|
||0722001. (Benzin)|4.3633|
||0830009. (İnternet Ücreti)|75.4412|
|12-Aralık|0441001. (Su Faturası)|3.9644|
||0451001. (Elektrik Ücreti)|0.3903|
||0452101. (Doğal Gaz)|1.1148|
||0722001. (Benzin)|4.3207|
||0830009. (İnternet Ücreti)|75.4412|
2016|01-Ocak|0441001. (Su Faturası)|4.1588|
||0451001. (Elektrik Ücreti)|0.4117|
||0452101. (Doğal Gaz)|1.1136|
||0722001. (Benzin)|4.26|
||0830009. (İnternet Ücreti)|76.0468|
|02-Şubat|0441001. (Su Faturası)|4.1588|
||0451001. (Elektrik Ücreti)|0.4117|
||0452101. (Doğal Gaz)|1.1136|
||0722001. (Benzin)|4.1147|
||0830009. (İnternet Ücreti)|76.0468|
|03-Mart|0441001. (Su Faturası)|4.1588|
||0451001. (Elektrik Ücreti)|0.4117|
||0452101. (Doğal Gaz)|1.1289|
||0722001. (Benzin)|4.2688|
||0830009. (İnternet Ücreti)|76.0468|
|04-Nisan|0441001. (Su Faturası)|4.1588|
||0451001. (Elektrik Ücreti)|0.4123|
||0452101. (Doğal Gaz)|1.144|
||0722001. (Benzin)|4.361|
||0830009. (İnternet Ücreti)|76.0468|
|05-Mayıs|0441001. (Su Faturası)|4.1588|
||0451001. (Elektrik Ücreti)|0.4123|
||0452101. (Doğal Gaz)|1.1442|
||0722001. (Benzin)|4.4885|
||0830009. (İnternet Ücreti)|76.0468|
|06-Haziran|0441001. (Su Faturası)|4.1588|
||0451001. (Elektrik Ücreti)|0.4123|
||0452101. (Doğal Gaz)|1.145|
||0722001. (Benzin)|4.5093|
||0830009. (İnternet Ücreti)|76.0468|
|07-Temmuz|0441001. (Su Faturası)|4.1588|
||0451001. (Elektrik Ücreti)|0.4124|
||0452101. (Doğal Gaz)|1.1468|
||0722001. (Benzin)|4.3784|
||0830009. (İnternet Ücreti)|81.7459|
|08-Ağustos|0441001. (Su Faturası)|4.1588|
||0451001. (Elektrik Ücreti)|0.4124|
||0452101. (Doğal Gaz)|1.1472|
||0722001. (Benzin)|4.3971|
||0830009. (İnternet Ücreti)|81.7459|
|09-Eylül|0441001. (Su Faturası)|4.1588|
||0451001. (Elektrik Ücreti)|0.4124|
||0452101. (Doğal Gaz)|1.1473|
||0722001. (Benzin)|4.6658|
||0830009. (İnternet Ücreti)|81.7459|
|10-Ekim|0441001. (Su Faturası)|4.1588|
||0451001. (Elektrik Ücreti)|0.4124|
||0452101. (Doğal Gaz)|1.0475|
||0722001. (Benzin)|4.8396|
||0830009. (İnternet Ücreti)|81.7459|
|11-Kasım|0441001. (Su Faturası)|4.1588|
||0451001. (Elektrik Ücreti)|0.4124|
||0452101. (Doğal Gaz)|1.0476|
||0722001. (Benzin)|4.8391|
||0830009. (İnternet Ücreti)|81.7459|
|12-Aralık|0441001. (Su Faturası)|4.1588|
||0451001. (Elektrik Ücreti)|0.4124|
||0452101. (Doğal Gaz)|1.0483|
||0722001. (Benzin)|5.1045|
||0830009. (İnternet Ücreti)|81.7459|
2017|01-Ocak|0441001. (Su Faturası)|4.5568|
||0451001. (Elektrik Ücreti)|0.4118|
||0452101. (Doğal Gaz)|1.0512|
||0722001. (Benzin)|5.3292|
||0830009. (İnternet Ücreti)|54.1051|
|02-Şubat|0441001. (Su Faturası)|4.5568|
||0451001. (Elektrik Ücreti)|0.4118|
||0452101. (Doğal Gaz)|1.0549|
||0722001. (Benzin)|5.3509|
||0830009. (İnternet Ücreti)|54.1051|
|03-Mart|0441001. (Su Faturası)|4.5568|
||0451001. (Elektrik Ücreti)|0.4118|
||0452101. (Doğal Gaz)|1.0599|
||0722001. (Benzin)|5.1988|
||0830009. (İnternet Ücreti)|54.1051|
|04-Nisan|0441001. (Su Faturası)|4.5568|
||0451001. (Elektrik Ücreti)|0.4118|
||0452101. (Doğal Gaz)|1.0616|
||0722001. (Benzin)|5.3128|
||0830009. (İnternet Ücreti)|54.1051|
|05-Mayıs|0441001. (Su Faturası)|4.5568|
||0451001. (Elektrik Ücreti)|0.4118|
||0452101. (Doğal Gaz)|1.063|
||0722001. (Benzin)|5.1485|
||0830009. (İnternet Ücreti)|54.1051|
|06-Haziran|0441001. (Su Faturası)|4.5568|
||0451001. (Elektrik Ücreti)|0.4118|
||0452101. (Doğal Gaz)|1.064|
||0722001. (Benzin)|5.034|
||0830009. (İnternet Ücreti)|54.1051|
|07-Temmuz|0441001. (Su Faturası)|4.7728|
||0451001. (Elektrik Ücreti)|0.4118|
||0452101. (Doğal Gaz)|1.0647|
||0722001. (Benzin)|5.0744|
||0830009. (İnternet Ücreti)|54.1051|
|08-Ağustos|0441001. (Su Faturası)|4.7728|
||0451001. (Elektrik Ücreti)|0.4118|
||0452101. (Doğal Gaz)|1.0648|
||0722001. (Benzin)|5.2021|
||0830009. (İnternet Ücreti)|54.1051|
|09-Eylül|0441001. (Su Faturası)|4.7728|
||0451001. (Elektrik Ücreti)|0.4118|
||0452101. (Doğal Gaz)|1.0658|
||0722001. (Benzin)|5.277|
||0830009. (İnternet Ücreti)|54.1051|
|10-Ekim|0441001. (Su Faturası)|4.7728|
||0451001. (Elektrik Ücreti)|0.412|
||0452101. (Doğal Gaz)|1.1601|
||0722001. (Benzin)|5.3136|
||0830009. (İnternet Ücreti)|54.1051|
|11-Kasım|0441001. (Su Faturası)|4.7728|
||0451001. (Elektrik Ücreti)|0.412|
||0452101. (Doğal Gaz)|1.1616|
||0722001. (Benzin)|5.6026|
||0830009. (İnternet Ücreti)|54.1051|
|12-Aralık|0441001. (Su Faturası)|4.7728|
||0451001. (Elektrik Ücreti)|0.412|
||0452101. (Doğal Gaz)|1.164|
||0722001. (Benzin)|5.6049|
||0830009. (İnternet Ücreti)|54.1051|
2018|01-Ocak|0441001. (Su Faturası)|5.2664|
||0451001. (Elektrik Ücreti)|0.4482|
||0452101. (Doğal Gaz)|1.17|
||0722001. (Benzin)|5.683|
||0830009. (İnternet Ücreti)|47.8751|
|02-Şubat|0441001. (Su Faturası)|5.2664|
||0451001. (Elektrik Ücreti)|0.4482|
||0452101. (Doğal Gaz)|1.1717|
||0722001. (Benzin)|5.663|
||0830009. (İnternet Ücreti)|47.8751|
|03-Mart|0441001. (Su Faturası)|5.2664|
||0451001. (Elektrik Ücreti)|0.4482|
||0452101. (Doğal Gaz)|1.1742|
||0722001. (Benzin)|5.7477|
||0830009. (İnternet Ücreti)|47.8751|
|04-Nisan|0441001. (Su Faturası)|5.2664|
||0451001. (Elektrik Ücreti)|0.4612|
||0452101. (Doğal Gaz)|1.176|
||0722001. (Benzin)|6.0389|
||0830009. (İnternet Ücreti)|47.8751|
|05-Mayıs|0441001. (Su Faturası)|5.2664|
||0451001. (Elektrik Ücreti)|0.4612|
||0452101. (Doğal Gaz)|1.1784|
||0722001. (Benzin)|6.1862|
||0830009. (İnternet Ücreti)|47.8751|
|06-Haziran|0441001. (Su Faturası)|5.2664|
||0451001. (Elektrik Ücreti)|0.4612|
||0452101. (Doğal Gaz)|1.1807|
||0722001. (Benzin)|6.2657|
||0830009. (İnternet Ücreti)|63.3241|
|07-Temmuz|0441001. (Su Faturası)|5.2664|
||0451001. (Elektrik Ücreti)|0.4612|
||0452101. (Doğal Gaz)|1.1873|
||0722001. (Benzin)|6.2657|
||0830009. (İnternet Ücreti)|65.2728|
|08-Ağustos|0441001. (Su Faturası)|5.5148|
||0451001. (Elektrik Ücreti)|0.5027|
||0452101. (Doğal Gaz)|1.2751|
||0722001. (Benzin)|6.5763|
||0830009. (İnternet Ücreti)|65.2728|
|09-Eylül|0441001. (Su Faturası)|5.5148|
||0451001. (Elektrik Ücreti)|0.5479|
||0452101. (Doğal Gaz)|1.365|
||0722001. (Benzin)|6.9118|
||0830009. (İnternet Ücreti)|65.2728|
|10-Ekim|0441001. (Su Faturası)|5.5148|
||0451001. (Elektrik Ücreti)|0.5972|
||0452101. (Doğal Gaz)|1.4675|
||0722001. (Benzin)|6.9773|
||0830009. (İnternet Ücreti)|65.2728|
|11-Kasım|0441001. (Su Faturası)|5.5148|
||0451001. (Elektrik Ücreti)|0.5972|
||0452101. (Doğal Gaz)|1.4847|
||0722001. (Benzin)|6.5994|
||0830009. (İnternet Ücreti)|55.3841|
|12-Aralık|0441001. (Su Faturası)|5.5148|
||0451001. (Elektrik Ücreti)|0.5972|
||0452101. (Doğal Gaz)|1.4925|
||0722001. (Benzin)|6.1229|
||0830009. (İnternet Ücreti)|55.3841|
2019|01-Ocak|0441001. (Su Faturası)|5.5848|
||0451001. (Elektrik Ücreti)|0.5375|
||0452101. (Doğal Gaz)|1.3715|
||0722001. (Benzin)|6.1205|
||0830009. (İnternet Ücreti)|55.0434|
|02-Şubat|0441001. (Su Faturası)|5.5848|
||0451001. (Elektrik Ücreti)|0.5375|
||0452101. (Doğal Gaz)|1.3703|
||0722001. (Benzin)|6.2397|
||0830009. (İnternet Ücreti)|55.6648|
|03-Mart|0441001. (Su Faturası)|5.5848|
||0451001. (Elektrik Ücreti)|0.5375|
||0452101. (Doğal Gaz)|1.3734|
||0722001. (Benzin)|6.6288|
||0830009. (İnternet Ücreti)|55.9174|
|04-Nisan|0441001. (Su Faturası)|5.5848|
||0451001. (Elektrik Ücreti)|0.5375|
||0452101. (Doğal Gaz)|1.3739|
||0722001. (Benzin)|7.0403|
||0830009. (İnternet Ücreti)|55.7981|
|05-Mayıs|0441001. (Su Faturası)|5.5848|
||0451001. (Elektrik Ücreti)|0.5375|
||0452101. (Doğal Gaz)|1.3769|
||0722001. (Benzin)|7.1214|
||0830009. (İnternet Ücreti)|56.3973|
|06-Haziran|0441001. (Su Faturası)|5.5848|
||0451001. (Elektrik Ücreti)|0.5375|
||0452101. (Doğal Gaz)|1.3997|
||0722001. (Benzin)|6.9223|
||0830009. (İnternet Ücreti)|57.281|
|07-Temmuz|0441001. (Su Faturası)|5.0664|
||0451001. (Elektrik Ücreti)|0.6181|
||0452101. (Doğal Gaz)|1.4028|
||0722001. (Benzin)|7.0576|
||0830009. (İnternet Ücreti)|56.9151|
|08-Ağustos|0441001. (Su Faturası)|5.0664|
||0451001. (Elektrik Ücreti)|0.6181|
||0452101. (Doğal Gaz)|1.6039|
||0722001. (Benzin)|6.7655|
||0830009. (İnternet Ücreti)|57.3943|
|09-Eylül|0441001. (Su Faturası)|5.0664|
||0451001. (Elektrik Ücreti)|0.6181|
||0452101. (Doğal Gaz)|1.8341|
||0722001. (Benzin)|6.9578|
||0830009. (İnternet Ücreti)|57.8226|
|10-Ekim|0441001. (Su Faturası)|5.0664|
||0451001. (Elektrik Ücreti)|0.7102|
||0452101. (Doğal Gaz)|1.8369|
||0722001. (Benzin)|6.9414|
||0830009. (İnternet Ücreti)|58.4221|
|11-Kasım|0441001. (Su Faturası)|5.0664|
||0451001. (Elektrik Ücreti)|0.7102|
||0452101. (Doğal Gaz)|1.8402|
||0722001. (Benzin)|6.9414|
||0830009. (İnternet Ücreti)|58.844|
|12-Aralık|0441001. (Su Faturası)|5.0664|
||0451001. (Elektrik Ücreti)|0.7102|
||0452101. (Doğal Gaz)|1.8469|
||0722001. (Benzin)|6.9867|
||0830009. (İnternet Ücreti)|59.2039|
2020|01-Ocak|0441001. (Su Faturası)|5.8484|
||0451001. (Elektrik Ücreti)|0.7102|
||0452101. (Doğal Gaz)|1.8482|
||0722001. (Benzin)|7.0811|
||0830009. (İnternet Ücreti)|58.8981|
|02-Şubat|0441001. (Su Faturası)|5.8484|
||0451001. (Elektrik Ücreti)|0.7102|
||0452101. (Doğal Gaz)|1.8508|
||0722001. (Benzin)|6.8263|
||0830009. (İnternet Ücreti)|59.4834|
|03-Mart|0441001. (Su Faturası)|5.8484|
||0451001. (Elektrik Ücreti)|0.7102|
||0452101. (Doğal Gaz)|1.8554|
||0722001. (Benzin)|5.8622|
||0830009. (İnternet Ücreti)|59.7204|
|04-Nisan|0441001. (Su Faturası)|5.8484|
||0451001. (Elektrik Ücreti)|0.7102|
||0452101. (Doğal Gaz)|1.8567|
||0722001. (Benzin)|5.2671|
||0830009. (İnternet Ücreti)|60.3592|
|05-Mayıs|0441001. (Su Faturası)|5.8484|
||0451001. (Elektrik Ücreti)|0.7102|
||0452101. (Doğal Gaz)|1.8587|
||0722001. (Benzin)|5.7679|
||0830009. (İnternet Ücreti)|61.0592|
|06-Haziran|0441001. (Su Faturası)|5.8484|
||0451001. (Elektrik Ücreti)|0.7102|
||0452101. (Doğal Gaz)|1.8617|
||0722001. (Benzin)|6.1699|
||0830009. (İnternet Ücreti)|61.4687|
|07-Temmuz|0441001. (Su Faturası)|5.8484|
||0451001. (Elektrik Ücreti)|0.7102|
||0452101. (Doğal Gaz)|1.8832|
||0722001. (Benzin)|6.4275|
||0830009. (İnternet Ücreti)|61.8042|
|08-Ağustos|0441001. (Su Faturası)|5.8484|
||0451001. (Elektrik Ücreti)|0.7102|
||0452101. (Doğal Gaz)|1.8875|
||0722001. (Benzin)|6.6314|
||0830009. (İnternet Ücreti)|62.3433|
|09-Eylül|0441001. (Su Faturası)|6.4856|
||0451001. (Elektrik Ücreti)|0.7102|
||0452101. (Doğal Gaz)|1.8897|
||0722001. (Benzin)|6.7753|
||0830009. (İnternet Ücreti)|63.305|
|10-Ekim|0441001. (Su Faturası)|6.4856|
||0451001. (Elektrik Ücreti)|0.7511|
||0452101. (Doğal Gaz)|1.8913|
||0722001. (Benzin)|6.8488|
||0830009. (İnternet Ücreti)|64.5152|
|11-Kasım|0441001. (Su Faturası)|6.4856|
||0451001. (Elektrik Ücreti)|0.7511|
||0452101. (Doğal Gaz)|1.8949|
||0722001. (Benzin)|6.8424|
||0830009. (İnternet Ücreti)|65.0576|
|12-Aralık|0441001. (Su Faturası)|6.4856|
||0451001. (Elektrik Ücreti)|0.7511|
||0452101. (Doğal Gaz)|1.901|
||0722001. (Benzin)|7.2177|
||0830009. (İnternet Ücreti)|66.0217|
2021|01-Ocak|0441001. (Su Faturası)|7.4228|
||0451001. (Elektrik Ücreti)|0.7975|
||0452101. (Doğal Gaz)|1.9292|
||0722001. (Benzin)|7.3209|
||0830009. (İnternet Ücreti)|66.2986|
|02-Şubat|0441001. (Su Faturası)|7.4228|
||0451001. (Elektrik Ücreti)|0.7975|
||0452101. (Doğal Gaz)|1.9392|
||0722001. (Benzin)|7.3257|
||0830009. (İnternet Ücreti)|67.2231|
|03-Mart|0441001. (Su Faturası)|7.4228|
||0451001. (Elektrik Ücreti)|0.7975|
||0452101. (Doğal Gaz)|1.9713|
||0722001. (Benzin)|7.2588|
||0830009. (İnternet Ücreti)|67.8572|
|04-Nisan|0441001. (Su Faturası)|7.4228|
||0451001. (Elektrik Ücreti)|0.7975|
||0452101. (Doğal Gaz)|1.9903|
||0722001. (Benzin)|7.1619|
||0830009. (İnternet Ücreti)|68.5443|
|05-Mayıs|0441001. (Su Faturası)|7.4228|
||0451001. (Elektrik Ücreti)|0.7975|
||0452101. (Doğal Gaz)|2.0103|
||0722001. (Benzin)|7.4071|
||0830009. (İnternet Ücreti)|69.1365|
|06-Haziran|0441001. (Su Faturası)|7.4228|
||0451001. (Elektrik Ücreti)|0.7975|
||0452101. (Doğal Gaz)|2.0331|
||0722001. (Benzin)|7.8071|
||0830009. (İnternet Ücreti)|70.2197|
|07-Temmuz|0441001. (Su Faturası)|7.4228|
||0451001. (Elektrik Ücreti)|0.9172|
||0452101. (Doğal Gaz)|2.2251|
||0722001. (Benzin)|7.8071|
||0830009. (İnternet Ücreti)|71.385|
|08-Ağustos|0441001. (Su Faturası)|7.4228|
||0451001. (Elektrik Ücreti)|0.9172|
||0452101. (Doğal Gaz)|2.2337|
||0722001. (Benzin)|7.8071|
||0830009. (İnternet Ücreti)|71.7263|
|09-Eylül|0441001. (Su Faturası)|7.4228|
||0451001. (Elektrik Ücreti)|0.9172|
||0452101. (Doğal Gaz)|2.2418|
||0722001. (Benzin)|7.8071|
||0830009. (İnternet Ücreti)|73.1729|
|10-Ekim|0441001. (Su Faturası)|7.4228|
||0451001. (Elektrik Ücreti)|0.9172|
||0452101. (Doğal Gaz)|2.2469|
||0722001. (Benzin)|8.0127|
||0830009. (İnternet Ücreti)|73.7116|
|11-Kasım|0441001. (Su Faturası)|7.4228|
||0451001. (Elektrik Ücreti)|0.9172|
||0452101. (Doğal Gaz)|2.2527|
||0722001. (Benzin)|8.6936|
||0830009. (İnternet Ücreti)|74.596|
|12-Aralık|0441001. (Su Faturası)|7.4228|
||0451001. (Elektrik Ücreti)|0.9172|
||0452101. (Doğal Gaz)|2.2639|
||0722001. (Benzin)|10.7949|
||0830009. (İnternet Ücreti)|75.3537|
2022|01-Ocak|0441001. (Su Faturası)|8.8448|
||0451001. (Elektrik Ücreti)|1.5562|
||0452101. (Doğal Gaz)|2.7198|
||0722001. (Benzin)|13.7095|
||0830009. (İnternet Ücreti)|76.27|
|02-Şubat|0441001. (Su Faturası)|8.6666|
||0451001. (Elektrik Ücreti)|1.4809|
||0452101. (Doğal Gaz)|2.7874|
||0722001. (Benzin)|15.2458|
||0830009. (İnternet Ücreti)|77.5432|
|03-Mart|0441001. (Su Faturası)|10.8372|
||0451001. (Elektrik Ücreti)|1.3372|
||0452101. (Doğal Gaz)|2.8502|
||0722001. (Benzin)|19.0004|
||0830009. (İnternet Ücreti)|79.0905|
|04-Nisan|0441001. (Su Faturası)|11.57|
||0451001. (Elektrik Ücreti)|1.3372|
||0452101. (Doğal Gaz)|3.6486|
||0722001. (Benzin)|19.186|
||0830009. (İnternet Ücreti)|81.5053|
||||
